{
  "timestamp": "2025-06-01T00:28:59.511535",
  "overall": {
    "neutral": 467.97,
    "surprise": 142.60000000000002,
    "joy": 242.65,
    "sadness": 24.8,
    "anger": 39.64999999999999,
    "disgust": 70.44,
    "fear": 11.940000000000001
  },
  "per_speaker": {
    "Speaker 1": {
      "neutral": 186.63,
      "surprise": 86.98,
      "joy": 7.02,
      "sadness": 2.45,
      "anger": 6.27,
      "disgust": 6.09,
      "fear": 4.57
    },
    "Speaker 2": {
      "joy": 235.63000000000002,
      "surprise": 55.61999999999999,
      "neutral": 281.34000000000003,
      "sadness": 22.35,
      "anger": 33.379999999999995,
      "fear": 7.37,
      "disgust": 64.35
    }
  }
}